,content
0,"K Settlement Department Recykling NF 1 Europe . guarantee every investor earnings amount PLN 18,000 OM invest better environment finding ykling"
1,FREE FREE CONSULTIONS PROFESSIONAL BROKER DOWNLOAD
2,EM user stable ! AB ... See ry.Maximizer ehmilonhanks.com read ) € ) Find
3,clicking button movie go short registration GA k download application itselfB Google Play PLPRO1
4,"( 8 ) story E 39 Sronoone could survive not.I want share small story $ $ family difficult tell , sure useful anyone read end.It started recently.My husband barely able solve problem already.But daughter came u school began cry , surprised prepared worst , always cheerful girl © word dozen ... See site googlecom receive first payment today find work job ?"
5,El Monedero Virtual Sponsored - `` see video discover many people make dream come true thanks Amazon.Find take part Amazon ! Discover method enriched many people around world ! Find take part program 2 1 Facebook form improve life thanks Amazon Dowszie
6,Ricardo Bielecki © See 27 Sponsored : 9 Michał Wiśniewski know camera still recording .. end career ? Notesfrompoland.com scandal shocked everyone.Two -in -laws
7,Day 6 : + $ 116 Day 8 : 147 EEE `` Start $ 10 = Invest Money Correctly Learn Bite-Sized Investment Learning .
8,"Frank Michaels sponsored - Lugyingno XYZ system reliable project ! Learn Obtu3 February , 2"
9,"Curved Salt Sponsored - first public investment platform Poland , stay PLN 999 ! way , easily get additional income addition constant work.Just start investing energy company receive guaranteed dividend company ! Click information ! PLN 7,894 month 42 ” investment inHigh PLN 999 PGNiG ! Ż Iwona Waksmundzka-Olejnicza PGNiG Pole earned company nwestdiscer.com offer end week learn start adventure investing , need today .."
10,"Sippah e noiis sponsored - 8 platform buy share currency automatically analyzes market hundred stock exchange , recognizing price rising falling buying selling asset ! soon price begin rise , software sell asset maximum profit . Instead investing PLN 1,000 wait PLN 9,000 every Pole ( without weekend ) | ( 10:00 - 20:00 ) Hntichri5is © Free consultation NNNNNNNNNNNNN 1HKKH UTILTIESC COM currency diversification investing fund |Learn investment"
11,Pla ! rma loved one life loved one
12,"TRAN PhUONG LAN E sponsored - learn washing curtain , curtain blind Warsaw.Tel 22 6410347"
13,"Time new glab e sponsored - platform set share currency automatically analyzes market hundred stock exchange recognizing price rising falling properly buying selling asset ! soon price begin grow , software sell asset maximum profit , invest 1000 PLN wait ; |For every Pole , PLN 9,000 ( without weekend J | ( 10:00 - 20:00 ] Hnticrisi © Free consultation NNYNNN PPZZZZ4 Utiltiesccom currency diversification investing fund Learn investment"
14,( B hotmail sponsored - © © 5 . soon earn apartment Glasgow | Stay Touch Premier Inn Hotel Glasqow City value register ( Buchanan Galleries ) .
15,"Oneio Impact Sponsored Marketing - price rising - income fall afford le less.A real crisis coming.But platform know analyze market real time , calculating growth currency share hundred stock exchange around world , multiplying investor deposit ! best way earn PLN 10,000 month stock exchange investing PLN 1,000 ( 9 ) 10.00 - 20.00 register contact |CtindlCom currency diversification investing fundsLearn investment"
16,"PLN_SUP9 EN 351 ( TY Bankpekao | | Payment received * 7561 : 5000 PLN Visa Balance : PLN 18,619 Exengreenpaasofju.tk Home | Marketing DIY - every judgment , every information perceived hypothesis requiring reasonable systematic . Find ."
17,Payment card pay 1 minute Visa B paid PLN 10 ck ha
18,"PLN 999 provides Pole monthly income PLN 13,200 Pinweedsha.com offer valid end day . Submit application"
19,"Beń Nice Joyeria © Sponsored Denyikac Date : 5/12/2021 Invested : $ 1,810.00 Total Balance : $ 23,340.43 ( 1189.5 % ) $ 21.530.43 ł"
20,"Modern technology 7 sponsored two king social network could establish relationship ! Everyone decided add unique job platform trade , would help people bring passive income ! creator Whats App turned faster , hurry leave registration link film , remember wait phone specialist SiteSgooglecom 30 minute rich learn"
21,"Investman E save money now.Have invested yet ? become one shareholder , thing need minimal deposit.Our autobot everything you.Capture profit 24 hours.We give opportunity obtain guaranteed profit PLN 3,000 minimum investment PLN 1,000.Register Anticrisis platform let 's create future together ! = Save money flickerincom currency diversification investing fund , register investment"
22,© Oil 's Easter End PLN 999 provides every Pole monthly income PLN . Submit application
23,Heids Kelly sponsored SE W ; 70 % Poles shocked investing week
24,"Ondina Hall E Sponsored - 3 Become winner field investment investing PZU remove possible risk insure first investment , get highest profit market ! © 12,000 PLN/month Profit Start investing today Szej == |Start Earning ) Famouslypecom invest 2022 ? - Waryński S.A.Group Leg Holding"
25,"Start making money unique coin , register"
26,"( 4 ) PLN SP9 Sponsored - 3 ą ( G3 Bank Pekao , `` Payment received * 7561 : PLN 5,000 NBA Balance : PLN 18,619 PXEngreenpaasofiu TK Home | Marketing DIY DIY learn - every judgment , every information perceived asThe hypothesis ..."
27,PE Investment = Utilities Plant.Waste Nicks : : Drzynoossi R ć 0 . ( 010 ) Learn
28,"News Post Sponsored largest company PayPal emits electronic currency , find"
29,"programming ocean , overloaded 4 week , beginner losing washing curtain , curtain blind Warsaw P Register"
30,sponsored blog © trade age market benefit you.It 's phone number . `` /Pod program.3 huge take place simply Lu isa cheap PR . heal first payment
31,Elite enayet sponsored 8 KGHM announces sale shares.Now every Pole able get gold mining processing next 5 years.Learn website.PhotoRedu COM Learn Official website investing gold - look like ? Gold always served ...
32,Blog Amarguradojekowej Vest - demo pzu b learn conclusion
33,"MSC Sponsored - get legally help earn good money , click `` '' learn QO program earn money ."
34,"Result Total sponsored 3 earn rest u lose.Totalizator Sportowy launch access platform month.You passively earn PLN 500 day pre -paid.How start : 1 . Go website 2 . Set contacts.3 . Wait phone manager ... See others lose , earn every day receive payment Totalizatro com card official party learn"
35,"* % , Allamedarationrcom see promising kr9ptow `` guaranteed = increase least . : 6000 % 2027 R. = % Multpictcom Get access purchase PLC Learn crypt market : iej foot ."
36,"Kaj legally eihp also inolowa , 37 many : eager help earn good money , click `` '' learn program earn money ."
37,Ga ) Timestar register find
38,5 Business Sometimes sponsored - officially Poles one best Google engineer working company 's headquarters Silicon Valley.Protectlhair hurry find
39,"Invest new project € 3 , |Earning PLN 35,770 week ! ( Dee"
40,partner successful Ejski project ! ||
41,"Good Luck Fun sponsored 3 Join lives.We introduce platform.thanks start investing several Teslax project without experience RT.NatraDelol , hurry learn"
42,"X BIO BIRCH E 85 Sponsored finding 3 % Poles know system one first use ace application earns automatically finance show everything personal account 38 504 , SS 00 : Kol Blik |New transferOwn ticket Show everything Stationonaine SA.Com Rn Siema learn"
43,"Grogan Academy -aspect : Care shares.It wind , free consultation Pole 7,500 PLN future begin tomorrow , today py.com earn investing solar panel ? - Learn money"
44,6 » Functional Family Gym Sponsored - © Transactions complement simple test.CompmarextHochletk Home |The marketing result year learn historically woman emotional.To greater extent .
45,"Siocare scam sponsored earnings European oil gas € 10,000 Poland PIPE - thanks possibility joining passive earning ten thousand euro company 's share . ( - sure watch movie end . Myasesturcoms find goodbye Ruthenian troll ."
46,"Exorbite HC sponsored - © world , never project p investing gold rattier com worth investing gold ? Learn investing gold - look like ? Gold always served"
47,"P Alberta Productions ( 439 Sponsored : © fed constant failure problem life ? solution . modern crisis management platform everything . Polish PLN 1,000 first deposit , going right direction.You increase total capital least 5 time one month ! Enter website learn . interest go well ? 'help TindlCom currency diversification investing fund | Learn investment"
48,"Miracles country sponsored - sz ) .. always dreamed making money comfort home ? opportunity ! launch largest investment platform free course , minimum investment 1000 PLN earn PLN 5,700 week ! Sign free consultation , expert tell new program ! Mr . SD P © < oo Investing black magic.Invest PLN 1,000 learn earn PLN 5,700 week `` personal finance '' course Iuromecom access platform available end month ! Learn business invest 2022 ? Published 13 kW ..."
49,"( 7 ) Cennana Cnorokoba ( $ 59 sponsored - © largest Polish insurance company PZU opened investment program ordinary citizen ! opportunity earn passively PLN 6,500 per month ensure stable future ! Investment fund regulated Polish Financial Supervision Authority . Leave data.Contact website expect phone personal manager carry free consultation ! Investing company © insurance company C ; constant access money Daily passive income Get fixed payment PLN 6,500 monthly Custoshot.com largest insurance company Learnmore invest 2022 ? October 29 , 2021 , ..."
50,First installment $ 250 |Monthly profit $ 17500 |Weekly profitY = $ 4000 Tycoon Makes `` 4th Final Prediction '' Pay Learn Attention America - Investing Outlool
51,"Valeria perry e sponsored - simple way invest online.You choose goal , e.g . retirement , building property - need 1000 PLN start investing , analyze need check whether investment consulting fund suitable , recommend investment fund tailored capability purpose.Now complete application form technical support team contact you.Uflessnecom , become investor invested ! Learn earning money Aletda earning Olekdz 2022 making money"
52,"miracle country sponsored - 3 always dreamed making money comfort home ? opportunity ! launch largest investment platform free course , minimum investment 1000 PLN earn PLN 5,700 week ! Sign free consultation , expert tell new program ! item 7 Investing black magic.Invest PLN 1,000 learn earn PLN 5,700 week `` Personal Finance '' Course Iuromecom access Platform available end month ! Find business invest 2022 ? 13 kW published ."
53,"Kavindu Lakshan Sponsored 3 - present platform allows start investing several Teslax project without experience.- result guaranteed reputation , achievement take much time.The help experienced mentor always available give confidence start.- complete application form technical support team contact you.We give / SA , access `` platform x free dispensat.com 46,000 people Poland took part unique learn project"
54,Different version advertisement © < 122 > © Tribunal Regional Da TRABALHO DA 4 * Regido - RS Sponsored Naildazzle.com Persons born 1951-1989 apply benefit ! bc strength fbell versatile plate-place training device used video range of.Find .
55,"kayanza sport g8y sponsored © people born 1951-1989 apply test georgesvezinacom people born 1951-1989 apply , learn assigned"
56,"help earn good money , click `` '' e . Gogecom . official Musk website announced find QO program earn money ."
57,"Xeenia Williams E sponsored - 3 exclusively ! Polish citizen , insure first investment , PZU Action currently promising burdened least risk investing PZU , earn PLN 6,500 month JEV4 1 ] : Szej == Start Earning ) Customhotcom invest 2022 ? - Waryński S.A.Group Learn holding"
58,"Ivergent Movie © Jeff Bezos Bestatigte Die Geruchte ( © ) Togesschau season Die Nevest Pattform von Amazon Schockiet Ie Tawsende Stromen zu Geldautomaten |Lift ; nachdem Jeff Bezos Interview Ans Licht Kommt , Geriichte Learn Bestótigt , Wahrheit Enthiilil !"
59,"JG ) Sponsored news : 9 ; Every resident Poland become mum investor present unique platform.which provides user stable income regardless qualification , finance specialist understand investing - platform everything ! `` / AB ... see help myzenacom read ) © ) Find"
60,Borgynism sponsor Vane 3 pay program 7 o00 month Polish citizen 40 AJ information website Learn people.which save retirement relate double corn ...
61,Levelup Musk sure created something help people solve problem !
62,sponsored py tesix Register .
63,"Gtypol sponsored - every Pole use new chance profit McDonalds ! new McCoin coin quickly gain value ! Hurry buy coin PLN 1000 ! Click link know detail make registration ! coin day day getting expensive ! = 5 already investvcia gain ricraccodecom registration closed 2 hour ! Nowadays , change occur blink eye.Units n ... register"
64,Tesla X Polska Sponsored WNE Transak Use fund ! people filled pondle year ©.Warta 100 new user ! Program 1 > > give everyone opportunity earn ; - ; Voje sea already added program ? Find .
65,Investment school > Sponsored toi : 's official !
66,"Polish sponsored Polish government declared willingness give Russian oil end 2022 . `` oil '' - end year , Mateusz Polk chance develop P g- x % de invested PLN 900 guarantee investor PLN 14,000 per month"
67,7 ) Government investment 9 Learn .
68,"SPR e -learning PL Sponsored - platform trade action currency , earning hundred euro day.The minimum deposit PLN 1,000 , wait long profits.Anti -crisis - financial stability conditions.Crisis K robot easily earn PLN 7,000 , guarantee profit everyone ! Unplacede.com currency diversification investing fund , learn investment"
69,"5 ) Cleaning-PEGE Sponsored Invest PLN 1,000 receive PLN 10,000 month passive income 5 year guaranteed"
70,"Artur Nowak 7 Sponsored NVNY together Polish possible thanks automation : instead looking financial winning close profit [ 4 today program eats public domain.€ ] clicking `` '' button , register . 4 ] specialist call bodily system [ P ] nsazek market method lead unprecedented ge 31 click get access ] learn ."
71,Tesl sponsored - `` ( l ) Elon Musk € © » Passive income economic advantage . Find .
72,|A ANA Elon Musk © Passive income economic advantage
73,"Overall Life sponsored 46,000 people Poland took part unique Iamy Platform project , thanks start racing several Teslax project without medium experience . Refers PLN 15,000 Overall Life Learn ."
74,"Tesla X Investment Sponsored investment profitable , fast inexpensive way earn money.Investments bring high income without directly participate process - continue business capital growing ! becoming investor , get full financial independence , also stability years.you ensure"
75,"I-Prog sponsored new digital project Apple 4 device owner use iPhone , easily 300 EJ every day , thanks Apple , everyone afford it.By clicking link , try [ b ] Learn [ E ] Find ..."
76,Anyone buy 1 action within 24 hour receive card . Find ..
77,Frank Michaels sponsored
78,07:39 LD © © - $ 11 25 % B 6 OWAL = Maximus Pro 0 % ER.Sponsored + © automatic system allow completely legally receive 2000 euro per day $ work weekend = ! program ... display < > Maximizer.= Life trade canni1 nifinvnaw sita aqq ( ? % Il <
79,"07:59 KD -- - LISTS CORE = SX Margaret Woodrain 45 . Sponsored + © Hello , name Margaret Woodrain 41 year old.I two little princess love much anything ! 2 year ago divorced ... View MP.Nataltip.xyz program currently free 48 comment : 51 + 1 Il Sharing <"
80,"08:01 LD ( -- - 119 % tone = < = Tesla X program sponsored + © wife longer , also n't work family ? Thanks Tesla X platform ... display one.loonmil.site access ) Il <"
81,"'s 5 minute day.IB sponsored - © Polish oil gas extraction company , together Polish government , launched investment project ordinary ob ... View j kun share worth PLN 900 = 1 ] earn ! LJ _ l_ ] still `` places.undefineffinedlifeboats.pl Customer Service Department ( ) jg 1 comment MH Like ! Cg ) provided RB share = <"
82,"Jacek Majewski sponsored take million , n't work `` name Jacek n't anything you.I show Tfyłko earn even times.You busy , make word , Al Learn"
83,", .H5e $ nm- © 31 % ( 91 14:56 JME tv e x sponsored : © decisive time bank make throwing printed yuan matter time . PrzegadSportowy.pl , people shocked | | | |Information China got rid Juan ... : OS X 98 Comments : 51 - Rh 14 time available add unosterent"
84,"13:15 © x OLUE 71 % Lie Chon = Crunders * x Sponsored : Q Skandal Lewandowski shook everyone bank terrified ! Gazeta.pl Robert finally reveals information platform , changing ..."
85,"15:47 % Facebook HT FS.Rancol K Sponsored : © Lewandowski 's scandal shook everyone bank terrified ! Onet.pl Robert finally reveals platform , change SOG 23 comment : 19"
86,"Di x : z u ] e ) Ludia LO : y-commentarial ( V uuostlępieij 4 , news ... sponsored : © sensational message ? easy receive 35.00 ... View e neur2-pl.chiopl5.xyz . Row.Opens | information citizen new possibility ... 7 GA want watch le similar ad ?"
87,"story , earned 15,000 euro , second bought car wanted . [ 5 program eaten , automatically analyzes financial composition successful.Find ."
88,Everyone Say Sponsored Pas Andrzej Duda said project earning Jank Polski Olak opening Poland ! 7 Find .
89,"Pl News 2 `` Sponsored find 3 % Poles know Tyr one first use CN application earns - automatically 38 504.10 OO : : Hysteria , Weloome find ..."
90,"Mamorap sponsored 3 % Poles know ! Lauralneon people born 1951-1989 apply , testify ufes shore , learn ... P Srest ( OX Always"
91,Jessi Jae Joplin = Plnepówaree su Polish Learn
92,Assemblyman Marc Steinorth sponsored 989 MO ; People born 195 'apply benefit.An urgent statement Fuck Poland know find .
93,Download free consultation professional broker
94,VIBE 94.7 FM Sponsored recognized Bitcoin Ministry Finan : published automatic project every Pole improve well -being.Only 7 % Poles know this.Each PLN 990 per day .
95,Sponsored Boomstar enters force official declaration support Poland 's vatels ! 7 % Poles know this.Each PLN 990 per day.RTA limited yi f se tr e. Find ...
96,official declaration support Polish citizen enters force sponsored ! 7 % Poles know this.Each PLN 990 per day.Find ...
97,"Different version , i.e . advertising © BNK PEOPLE ENTYKATOR : 87261690 , making minimal investment amount PLN 1,000 , become member public project , largest magazine gas buffer Europe ensure passive income PLN 10,000 per month ! pay PLN 1,000 construction largest gas warehouse country earn Vaporugly COM . Register ! Learn price gas 2023 record high.The price gas ' Gazprom ."
98,"GWA , BTA-ENERGY SP Sponsored Investing green energy currently available every countryman , choose become partner company rewind electricity sale project , dividend entering site , sure read article watch video ! playing energy one , earn monthly balanced card"
99,"Pure energy-P G e Renewing Energy Hnology , reduces power energy ! E enabled every Pole invest SZ project monthly income P ; ny ! ź page , watch video report ! PGE receive PLN 10,000 month passive income 5 year guaranteed"
100,tatopee : leam
101,cm.Buengkan Contemporary Art B sponsored find ...
102,"Polish sponsored Polish government declared willingness give Russian oil end 2022 . `` everything end year Russian oil resignation , '' summed Mateusz Morawiecki . Today , every Pole chance develop Polish economy . Ćz largest Polish Oil Zaft Orlen announced sale DE share invested PLN 9,200 guarantee PLN 14,000 per month investor"
103,"( Diwin Group Capital Sponsored Polish Sejm adopted : Pole remain : National NAFTOV concern.Are looking way invest safely ? ! 3 50 % discount end month PLN 2000 end month invest PLN 1000 Orlen earn PLN 16,000 per month"
104,P Phoebe Flores J information oil action PiSiąm link bring every weekly profit
105,"Pole approved sponsored government receive PLN 15,000 investment worth PLN 900 Learn"
106,"Supported sponsored government already 310 satisfied Poles cooperate pr : 11,000 PLN Mi ! Become Learn"
107,> Ehem.MEP Josef Weidenholzer sponsored know career camera ? recording ... end
108,( ( 2 % » ehem . MEP Josef Weidenholzer 7 Sponsored know camera career ? Jeh recording ... end scandal shocked everyone . Lech Wałęsa know amera still record . horse era ? | Learn
109,© PL Live Platform Try ! Click `` Learn ''
110,Cisco Brewers sponsored Michał Wiśniewski know camera still recording ... need career ?
111,Steve Tarvin sponsored kon scandal shocked everyone.Szymon Hołownia know camera still recording.Is end career ?
112,scandal shocked everyone.Szymon Hołownia know camera still recording.Is end career ? ZR Learn
113,Steve Tarvin washed scandal shocked everyone.Szymon Hołownia know camera still recording.Is end career ? Learn
114,"Investing future sponsored © thanks every Pole opportunity earn official ! Pole gain PLN 11,500 , investing IOOO zloty find ."
115,"ADXEY `` Sponsored - 3 opened access signal free ! Find open transaction , . Statistics show signal 87 % accurate . Get access signal long free ! Yes , signal areFree adxey.com Get access free Learn Get free access transaction signal , long J .."
116,"Tesla x sponsored nurse fee earning money.Investments bring invariably high income without need process - continue activity capital increase ! get full financial independence , also ensure stability years.Iny , fast inexpensive way ział"
117,"Ki news finance sponsored Polish woman earned PLN 29,000 two month thanks new Tesler platform ."
118,"Investment project4 sponsored company prepared special offer Polish residents.This investment ensure income PLN 13,200 per month ! invite website information ! PLN 999 provides every Pole 's monthly income PLN Cuou start ! Find ..."
119,"Energy sponsored Poland Inhemers plan build `` energy island '' reduce dependence Russian gas.According PGE agency , connect several wind park distribute energy produce two countries.Realizing solar energy generally / PGE > REGON , anyone buy share `` tomorrow receive first dividend PLN 2,950 NDAGAT card : Free consultation Learn ."
120,stone sponsored pantry find .
121,Air Group Sponsored Polish government EM Rafieriotwathered DepartmentOnly Polish citizen : receive advance year investment receive 12.00 ! Directly card ! Find .
122,"GP UNIDAD PARA LAS VICTIMAS Sponsored Buy 1 share PLN 1,000 month.The next day receive PLN 4,100 directly card"
123,"TSL Prayer sponsored `` ready provide everyone Elon Musk . `` encourage join program pas 300 URO day thanks sale Tesla share help company , earn trading share without.Codec informationDP find ."
124,"Curso de Ciencias Biológicas - FKB Sponsored X created , every official project Elon Musk change ordinary Poles w/"
125,"40m , Fred Invest.Tali ” Sponsored limited offer Poles ! ArcelorMittal put action sale everyone receive dividend passively straight card , click button t. Watch movie page 7 zo : online application form sale Akiji reserved ArcelorMittal officially approved ! Invest share tomorrow receive first PLN 9,500 offer c : week © find out.Liked 3"
126,"42 Pred Invest.Sponsored limited offer Poles ! ArcelorMittal put sale everyone receive dividend passively straight card ? Click button $ Watch movie $ website Leave application form ... Bost launch share market ArcelorMittal today , tomorrow receive first dividend PLN 9,500 seguynessyyz offer valid end week © liked 3.129 people find ..."
127,Project : 3 Isienna Film ( 3 € 3 program work ? program work ? Site h h - find place limited ( )
128,( STI ONET .
129,"( FD ) PZU Group Sponsored - 3 PZU Invest - new project.But new condition everyone.Whoever buy PZU share insure first payment investing PZU safe profitable ! Earn PLN 6,500 without leaving home ! Learn tentatnen.com invest 2022 ? - Waryński S.A.Holding group"
130,"Online course force money work , learn"
131,"Different version advertisement © < 122 > TESLA Tess Sponsored ID : 608034744209602 TIP AMPARTMENT ACCOUNTING PLN 9,000 month received bought PGNiG share PLN 1,000 Donkeysnon com .. Find ."
132,"Different version advertisement © < Tesla Sponsored Entyikator : 45 : One investment amount 1000 brings stable income Poles joined Polish company.They receive bought PGNiG share PLN 1,000 Donkeysnon.com Learn website.Pages transaction concluded stock market member National Stock Exchange.Find ."
133,Energy 93.9 Muska.Lej WM.Energy 93.9
134,"1000 € e MU + 700 PLN account registration ! tired hard day 's work ? tired waking thought : `` work ! Tesla X created investment platform everyone earn ! invest company 's share still receiving dividend ! Teblhr withdrawal Tesla X + 4730 PLN Visa * 4730 PLN platform * * 4357 Salad : PLN 17,800 every time | PLN 2,600 day kryptagro.com Click learn ! Find"
135,"Book Smile ( 22Ż ) sponsored = fi 0581254107836 Sensation ! natural resource belong every Pole ! Thanks platform , everyone country get passive income Aturne ! Platform resource offer bonus first payment new user allows easily earn PLN 7,000 per month . `` Sensation Polish copper get income investment ( 8000 PLN month Patdyxyz worth buying gold ? worth investing gold ? Investment gold . Gold worth buying gold ? worth investing gold ? Find ."
136,Finance News underwent : Polish maybe ... See Learn read ) © )
137,Orange Onlines sponsored 3 Popular operation get PLN 500 day Mavakosacom Home |Modern marketing learn flexibility requires change way thinking part .
138,Frank Michaels Sponsored Buy 1 Baltic Pipe action .
139,"5 ) Zanah sponsored 1 Baltic Pipe action PLN 1000 give chance earn PLN 4,100 , receive first payment today ! :"
140,`` Laj stone sponsored pantry
141,Curso de Ciencias Biológicas - FKB Sponsored official project Elon Muska change ordinary Poles W .
142,"s. Info pl sponsored whole world shocked Elon Musk ! © ) secure EU citizen , billionaire gave access program ! program automatically trade stock brings least 500 EU per day.© ) Millennium Glecom Register get first 500 EU today ] Find ..."
143,Virtual shop sponsored get PLN 450 ! official main testTarget Marks find strengthen unique voice . `` use technollania know- find ...
144,Desenhos Play sponsored find ...
145,"Nicola Siciliano sponsored monthly investment ( amount PLN 1,000"
146,"Solider pzu e. Sponsors = Ejga Fine Insurance Company Poland opened investment program available Polish citizen ! < © unique opportunity earn PLN 6,500 month minimum deposit PLN 1,000 ensure stable future < © Investment fund regulated Polish Financial Inspectorate Consumer Protection Act.Leave contact detail website expect phone personal manager consult free consultation ! Education PLN 1,000 earn GD PLN 6,500 , oh , bonnet guaranteed card Poles ultraposhecom guaranteed Poles ( J 3 Nn"
147,"Evelynn Wilson E sponsored 3 declared new investment program government.We conducted investigation , learned program , thanks every Pole earn least PLN 30,000 per month esteem home.And investment amount PLN 1,000.We managed talk first participant program.Who shared story , click link learn more.Agnieszka shared u secret Overfocusicom read opinion participant . Learn garbage price Bełchatów recent year increased three time ..."
148,"M.A.N.DA.T.Records.Inc.© Mushakisnet latest Tesla project shocked world , bank shocked ! Find two-piece jumpsuit bold.Bottoms Make Le ..."
149,"Invest Group E sponsored 3 support Ministry Family.Work social policy developed launched special program collecting retirement capital thanks program , every Pole stop worrying future enjoy life.An investment minimum program worth PLN 1250 allow earn PLN 120,000 year learn , visit website fill contact form , contact specialist investment department.PZU pension program increase pension PLN 120,000 year taqwund.com visit official website , find retired many year professional activity ..."
150,largest energy company Europe enters Polish market
151,"enters Polish market largest energy iMA Europe , hoping monthly dividend PLN 32,500"
152,"News News 24/7 EM |Sponsored © Voje Życie € 2 excellent season enter market , member easily break fortune balances.When know , late.The platform change enter link.Fill form receive permanent monthly interest ( 3 ( 3 ny ly c tecia W , received license everyone earns ! COM information © ) € ) page us cookies.They allow get know receive .."
153,"Obtaining passive income Sponsored 3 government belief every citizen live dignified help valuable resource country.The investment National Project PGNiG return within three day brings impressive result throughout entire period cooperation platform , participant receives constant income , regardless city - addition , first payment pay back three day 80 % participant already doubled depositsDuring first two week working u , earnings PLN guaranteed ( miss chance | peaceful life ( invested PLN Suduwepl left 7 vacancy . Follow page transaction concluded stock market turned ..."
154,": company resumed project , invest earn week"
155,"brand sponsored 3 soon 50 user , close registration.Get access `` Read '' ' ehcredbulumunchen.club eyty"
156,"Aiko , James Bone Funds +.Sponsored © easiest way investing , everything , choose package interested pay it.And capital invested maximum profit experienced PZU investor , everything transparent , hidden fee additional insurance.You pay agreed amount according selected package.The minimum package cost PLN 1250 , guarantee annual income PLN 120,000 leave application website ... See increase pension factor 5 capital system ? ( read true story countryman , | last month earned Ana Cartfatcom every Pole know , find retirement many year professional activity ."
157,"Noemi Lopez © PGNiG announced sale share ! 4,563 satisfied Poles cooperate project ! quit job earn PLN 11,900 month ! Oil golden 21st century Poles ! Leave application expert soon contact ! Initial investment PLN 1000 PLN 11900 1300 PLN 189,000 PLN 2,300 PLN 16,0002 favorable offers.Invest PLN 1,000 new investment platform receive PLN PLN monthly FizzledCue Coma card Leave application , expert soon find would contact"
158,"* Shop22 1845978 gas earnings PLN , miss chance peaceful life , invest windwacha.com offer available Poles.Learn many people seem reserved investment ."
159,"PGNiG Polski 1 SP PGNiG convenes investor construction new refineries.Each Polish citizen become part famous company Europe dealing oil refining.By investing PLN 1,000 , earn PLN 11,900 per month.Fill application website get advance bank card today.Initial investment PLN 1000 PLN 119002 1300 PLN 190002 profit 4 ee = favorable offer ! Invest new PGNiG investment platform receive PLN 11,900 month Notecardpacom Fill application website get lot advance payment bank card today ."
160,"FP ) FOYTH MURPHY Sponsored 3 largest oil refinery PGNiG announced sale share Polish citizen ! Polish citizen may become investor co -owner gas station purchasing share worth PLN 1,000.This would provide stable monthly income least 2027.Investment Initial profit PLN 1000 PLN 119002 . |PLN 1300 PLN 18,000 2300 SSS 21 favorable offer ! Buy package six PGNiG share PLN 1000 receive card monthly Pangaszym COM Fill application website every month get today find advance payment bank card ."
161,"Pl Fact sponsa anne iga świątek ( representative PZU insurance company ) provided important information Poles.Poles retire early , already retired receive 10,000 month.Read website ( 3 representative PZU LGA Świątek | EU - / - ——— EU Special program"
162,"Totalizatorport 4 Zona Gambling Business available everyone become successful investor must invested PLN 1,000 ! © Totalizator Sportowy opened investment Poles ! © evening receive 2000 PLN card ! Leave application website get free consultation ! Totalizator X ] Sports L Buy 1 share receive PLN 2,700 today ! FPablecom find place limited Salas"
163,Dnie € 8 70 information page Find Więce Gaz-System Investments run large-scale pl .
164,"( 4 , mftoolvip 42716872 ne . Loulcom « 3 % Poles ! SIO"
165,"Michelle Weaver see acceptance reform retirement saving least 100,000PLN annually contribution PLN 1250 tetter.com secure future alder child . Find vice people ! double"
166,"GZ Bank Pekao Popular Paper-Forestcom home resistance |The marketing path find interest consistent , boldly ! project may ."
167,"Xenia Sanders E sponsored - one year cooperation Pattern Trader , leader earned PLN 1 million hidden u ? earned even ? Everyone learned truth.You go boring work year , others earn thousand zloty without anything.Go site find changed slept increase capital hugely.Hidden flow scheme revealed learned whole truth Aorhercom Prague 22.09.2022 - Events day , summary |You find yesterday - check passed anything important | ..."
168,"Investing future ... sponsorship EA Note : end week ! first public investment platform Poland , stay PLN 1,000 ! way , easily get additional income addition constant work.Just start investing energy company receive guaranteed dividend company ! Click information ! Earnings PLN guaranteed miss chance peaceful life , invest PLN dangeh.pl Hurry up.The offer limited.Find page transaction concluded stock market ..."
169,"Ewna family changed life day , surprised everyone ! Read one investment changed everything Shock ! Father raising son alone working home reached PLN 23,000 last month ! Unddsedm.xyz read find PGE platform"
170,"( G bank pekao Payment passing Visa test * 7561 : 5,000 PLN Balance : PLN 18,619 translatorhunts com home test | Marketing rule learn principle marketing effective creative creative agency ."
171,"46 shop20 29395049 .. SWW sponsored capacity high gas oil consumption.The PGNiG Congress scale plant Europe ! Already 19,500 investor investing PGNiG share ! buying 1 share , guarantee earnings PLN 10,200.The price one share PLN 1,000.|Iovo V program minimum investment PLN 1,000 ! [ TV pidizcji investing PLN 1,000 , get income passive/ ' sundiarsarcom today , hurry buy low price"
172,"Shop20 29395049 EA gas oil life.WOJSKA WOJSKA INVESTORS Invests PGNiG Actions ! guarantee earnings PLN 10,200 , PGNiG Congress scaled connection DI 19 miss great chance ! investing PLN 1,000 , get income Pasywi Sundialsarcom today , send conclusion Tera : Hurry buy low price"
173,"`` Marcy 23423 B sponsored 3 pensioner receive pension PLN 20,000. obtain pension ? Read article interview one first participant new pension plan . Click € 3 pensioner receives pension amount 27 thousandPLN Vatteringccom registered ) Find"
174,"Z = ? ? Fakty24 : Today editor interviewed Adam Bankowski , cooperating Pattern Trader 3 months.-Hi Adam.Tell find program ? Adam : saw advertisement site necessary test program automatic earning , became interested left request , day later manager called discussed condition , finally gained access program.FAK ... See design Messaged 3 Pattern Trader Balance 50.057.25 Rx 0.00 PLN +11200.00 Dushsidhudasjksd.Pro Welcome ! Saving investing small sum , find good profit investor - sound proud associated ."
175,New technology short registration
176,indirect UC track Quiz-Maker Com Cold n't Find Quiz
177,Nice Life Day ND Young recognized investment equal economy ; 93 % respondent found global economy `` improves Pay '' techno-new register
178,Sponsored place © Messages Kolinos Space « DZ Men 's Barbershop Middle East Acz network
179,rbershop middle east
180,Week Info -plcom 5 H FUN WITHOUT ACTIVITY INFORMATION ę )
181,"SMS Mobile Store ... Sponsored - historical decision company , responsible transport natural gas , manages main gas pipeline Poland build largest gas warehouse Europe , open opportunity become partner company Poles PLN 1,000 , allows u andYou benefit it.You earn least PLN 14,000 saving gas warehouse , receive additional investment implementation project , including construction subsequent warehouses.Situation ... See CR become shareholder company . Find go site leave contact free consultation expert !"
182,"Cadence Watson ... Spor = new government investment program declassified.We conducted investigation learned program , thanks every Pole earn least PLN 30,000 per month esteem home , investment amount PLN 1,000.We managed talk first participant program shared story , click link learn more.A young single mother earns 50,000 zloty comfort house bpertisms.com Read participant 's opinion , find price garbage Bełchatów recent year increased TR ."
183,Internet News may think take Pie program Tesla Chat Sam trade Global Latfo share : Find
184,Frank Michaels sponsored e Buy 1 Baltic Pipe action > Find .
185,"Wind8solar Power GP sponsored , company develops direction : power plant several month PGE opened investment ordinary Poles , company 's partner earn production electricity ! Invest ST production electricity rubyingdyjyz limited offer enter page , read article , watch movie submit request !"
186,"30 Unidad Para Las Victimas sponsored Totalizator Buy 1 share PLN 1000 month.The next day receive PLN 4,100 va va zymykarte , .. directly card"
187,Receive week thanks new project . Find .
188,"Valeria perry sponsored online.Retirement , building asset - PLN 00 start need matter fund recommend fund , analyze Izama whether appropriate advisory , procedure , learn ."
189,Valeria perry sponsored last way invest choose find .
190,Capital Group 2023 Sponsored investing PGE energy project brings monthly investor
191,Wind8solar Power Sponsored Investment Project implemented support government
192,Brooks sponsored € ; < ArcelorMittal achieved net profit USD 3 billion 2022 . ! invest ancecelmit .
193,Different version advertisement © « 122 > = Phuong Phup Mang Thai CBŚP sponsored = ID : 1794351048 vestcom.lol information Essay find interior finishing program
194,"E |ID everyone buy 1 share 1 , 24 hour receives card"
195,Parchaa luxury store 3 % Pole ( FG Gork Rossi find .
196,Ha Trang Boutique 7 sponsored 3 % pole know !
197,Wombat Farmhouse Sponsored `` Offer Poles aged 40+ ' / ) CE IZARABIAJNAGNIEWIFIFIFIRMEJ RotalizarorySporfowyj dh sts00fzi young people spend - adult earn .
198,Dios de Milagros 2022 Sponsored - 9 Transactions Using official test get PLN 300 almardisp.tk Home |Marketing constructor Learn
199,"4 . Nobzah Sponsored Totalizator Buy Action PLN 1000 week.The next day receive PLN 4,100 directly SIG card"
200,"Dorota Woźniak sponsored Hello , name Dorota 45 year old.9 © want tell dream came true , well mother 's dream ... © ) grew ordinary poor Polish family mother wanted happiness me. $ Worked many hour refused lot save money `` great dream daughter . `` Unfortunately , mother bad health , such.Link Program B ] live Europe ."
201,Adrian Kucharski Sponsored native system allows everyone earn EUR 400 day.You n't work weekend Kend.This possible thanks automatic system instead looking transaction profit [ ] registration link [ ba ] specialist call program 4 click register .
202,Adrian Kwiatkowski Sponsored automatic system allows everyone earn EUR 400 day.You n't work weekend weekend.This possible thanks automatic Z ] system instead looking transaction financial market close profit [ registration link J [ ] special 49 Ren `` Register
203,"El Haj Travel Sponsored : 3 Investing gold - look like ? Gold always served mean exchange , ore perfectly fit definition good currency.Currently , none country us precious metal official mean payment , remains almost ... KGHM thanks KGHM investment project , Polish citizen able earn every gram excavated gold ! Go website learn"
204,wind8solar hard
205,"[ 54 CAR CALES EFS Sponsored -© Bank Polski KD Investment > , 1000 evil > > < > minimaeny , guaranteed profit PLN 2000-3000 _ Become investor PKO Investomat ! Giek"
206,"Sponsored gassing gas - © profit MacDonalds go absolutely every Pole ! company introduced new Maccoin coin , value increase day ! Hurry buy coin worth PLN 1000 ! Click link learn sign ! Receive PLN week new McDonald 's Smartuyri , hurry price increase , register RTA , Poles !"
207,|The application automatically earns profit|09992 Ji Strseeshop 404 Found Find
208,"STAY Sponsored offer : © Everyone Polish , PLN 1,000 , earn scoffoldedxyz receive profit learn investing currency - compendium beginner post auth"
209,"Herbal Feij K Settlement Department Recykling NF 1 Europe . guarantee every investor earnings amount PLN 18,000 con soften better environment"
210,"Deccan Express Packers 8 Movers Ee.Sponsored 3 Poland begin construction largest gas warehouse throughout Europe.Each Polish citizen may become participant project PLN 1,000.This minimum investment allow every investor obtain passive income PLN 12,000.He could earn 12,000 PLN Haldomes com watch official website find price Qazu 2023 record high.She pierced 1000 PLN/m ..."
211,"4 PZU Leader E padded 3 largest Polish insurance company PZU opened investment program ordinary citizen ! opportunity earn passively PLN 6,500 per month ensure stable future ! Investment fund regulated Polish Financial Supervision Authority.Corbonate contact detail website expect phone personal manager consult free consultation ! WARRANTED PAYMENT BLA EVERY POLACH , GOOD O00FZE , MONABLE Passive income/0D 615 00 ] financially ministry guarantee confessedlco income 4 ) click official linkjo Scen"
212,"Buy share company 5t : PLN 1,000 II earn height PLN 14,000 per month LUME price 023 record high.To spot pierced 1000 PLN/MWh - find"
213,© Sara Coulibaly © ” Sponsored - Tesla starting new project ! Thousands people : freedom Fi Bahkcom Tesla starting new project ! Thousands people day dayLearn gained financial freedom .
214,QE E-© Edition end * -śnia ! Vaane end `` > Senii : Buy 1 Action receive new gas project IDSSITXYZ ! Find
215,"Ojska Zn Gas Magazine ! system could earn PLN 15,000 investing PLN 1,000 Attention inhabitant Poland ! find record high year.Gas price 2 pierced 1000 PLN/m spot"
216,"Unicamp Seg Student Chapter Sponsored 3 Historical decision company responsible transporting natural gas , management main gas pipeline Poland construction largest gas warehouse Europe.Already month , opportunity Poles become partner company PLN 1,000 , allow citizen state benefit.You earn least PLN 13,000 saving gas magazine.And receive additional investment project , including construction subsequent warehouses.Make money PLN 13,000 ! Unnoticeab.com gas price 2023 record high.To spot pierced 1000 PLN/MWh -"
217,Warsaw PZU © :
218,Chem sponsored 8 one -off edition 1000 male Advanced idea recent year market situation bond changed .
219,Receive week thanks new project 32 learn
220,"Gwendolyn Thompson sponsored 3 Zzninwieswyw in/ice sot/aris bus already © ) 4 ] 200 420 receive PLN 2,000 card tonight ! CredlCom become investor ! Find"
221,"- L KODA GAZ SYSTEM worth PLN 1000 guarantee every Pole monthly income PLN 15,000 , find"
222,"Every Pole buy Gaz System share worth PLN 1,000 , PLN 13,700 month ! new one open everyone , find wet - compendium beginner post author .."
223,"© Stroman Mona : least 1100 Z : fucking , find Gaz-System investment run large-scale inv ."
224,"Invest Group E sponsored 3 support Ministry Family.Work social policy developed launched special program collecting retirement capital thanks program , every Pole stop worrying future enjoy life.An investment minimum program worth PLN 1250 allow earn PLN 120,000 year learn , visit website fill contact form , contact specialist investment department.PZU pension program increase pension PLN 000 per year taqwund.com visit official page"
225,"Si Żsułno ... leader gas market Poland give every Pole opportunity become investor extremely successful project 2022 . month everyone opportunity buy share PLN 1000 buying share amount PLN 1000 end week , eachWithin 24 hour receive advance payment PLN 3,500 card.Place application website ! E GAZ-SYSTEM PLN 11,000 month Vestecom download advance payment tomorrow ! Register , register gas price 202 : Record year high.She pierced 1000 PLN/MW spot ..."
226,"N Nursing Fr Elon Musk say poverty Elon Musk healCEO , Tesla Motors 7 invest 2508 zooma Ben Erowa bjcomiesciej ecchia-ron electronic alluity.Investing Tesla invented : Tesla blooms.Find"
227,"3a Shop20 60224510 `` '' Sponsored largest oil refinery PGNiG announced sale share Polish citizen ! Polish citizen may become investor co -owner gas station purchasing share worth PLN 999.This would provide stable monthly income least 2025.PGNiG share worth PLN 999 provide Pole , monthly income amount PLN 13,200 UNSOMONNES COM number share limited . Find vice website transaction concluded stock market excluded ..."
228,Click Read learn join Quiz-Makecom Couldnt Find Quiz program first
229,"( 3a Renata Johnson IP Sponsored : demographic problem Poland measured , indicate future pension may low . addition ZUS contribution paid work , worth looking alternative method increase benefit future secure financialwork age 60 . decide ..."
230,"Valamox Trading .. Pole opportunity accumulate retirement capital manage fund discretion.Everything possible thanks new government program . one first participant , shared detail accumulate capital , bring pension PLN 27,000 , contribution PLN 1250 , program currently limited 1000participants , n't miss opportunity.A secret revealed get pension 27 thousand.PLN per monthOnet Instiocom find hobby retirement , find retired many year professional activity ..."
231,Register Dy Follow link
232,"Enchanted Bucket ( Sponsored Entifier : 50864569534204 Check video site start earning first day thanks small investment ! Get 3,000 account PGNiG account per month investment PLN 1000 9qy like : 2340 GK.Plig centerboard first dayOn stock exchange transaction market , member stock exchange , domestic . Find ."
233,"Thanh 123 71897228 TT ) Sponsored ID 6991328 Note : end week ! first public investment platform Poland , stay PLN 999 ! way , easily get additional income addition constant work.Just start investing energy company receive guaranteed dividend company ! Click information ! PGNiG Investments Visa6435 23.07.2022 12.33 Transfer fund account : PLN 4323.55.Balance : PLN 47669.12 gas country country earn 13,450 PLN Asswagingb.com ń L offer valid end week TEE page transaction concluded stock market member stock exchange , domestic ."
234,`` vacation cost u 9000 euro want go end year '' N - resident began receive dividend PGE
235,"Stella Lee Sponsored Marek 's dentifier alone little daughter , dismissed work , desperate knowing do.One day came across story woman described earns money comfort home.Since , life longer same.Read article Styrusestr website article read read article Fail page ."
236,"Pawpro Fikator : 1 large Stalowa company signed new agreement government open new gold mine throughout country ! One condition agreement enable ordinary Poles derive profit Poland mine ! absolutely every living buy share company PLN 1,000.Yellow payment mine ! Beirlyxyz left 3 share sale . Register p. 2,497 share already bought citizen !"
237,", pero idefensos sponsored ficker : 14995 : Officially leastIt guarantee every Pole weekly income Tóg card find out.It torn though ."
238,"SM , Santa Cruz Reno Jentyfator : 55 ; Ć KGHM Polska Miedź Actions KGHM Poles ! Buy share PLN 1,000 receive payment [ PLN 2,500 ! Yodledfire.Com worth investing gold ? Investing gold - look like ? Gold always served mean exchange crumbles.Find ."
239,`` info Poland Onet.AND .
240,"Top_news ee.ybłon know aspect Osta Turbin zośr donating field , many see ZS Polska Grupa PGE - Energy President 's warranty investing PLN 1,000 guaranteed receive week Indag Free Consultation end r Learn"
241,"ASMAN TV E sponsored - historical decision leading company responsible transporting natural gas , management main gas pipeline Poland construction largest gas warehouse Europe.Already month , opportunity become partner company open Poles PLN 1,000 , allows u state benefit.You earn least PLN 13,000 saving gas warehouse , receive additional investment project , including construction subsequent magazines.Visit website leave contact learn free consultation expert !"
242,"Elon Musk say poverty Elon Musk cureCEO , Tesla Motors 7 invest 2508 zooma Ben Erowa bjcomesyciej electronic.Investing Learn"
243,"Sunset Pure sponsored : 5 month passed found strength tell it.My name Marina , lived Germany 8 years.Good job , many friend , boyfriend , life happy.But one safe.I n't miss troubles.I worked hotel administrator.If think child golden spoon mouth , case.I developed hard work service industry , first maid , pr ... See MyBLOGPLL Thorough information , find choose IEZVK"
244,DPA Sara Coulibaly © [ 5 Sponsored - © latest : CMBAHKCOM TESLA starting new project ! Thousands people day dayLearn gained financial freedom .
245,Project Ponsor : situation every market change.Everyone added Milennium already earned 500 euros.The number place limited )
246,Parcha Luxury STORE Sponsored ) Persons born 1951-1989 apply.Paddle-Board-Gonflablecom people born 1951-1989 apply.Learn Cookies X Official Batman DC Comics `` Bat Symbol '' Skateboard Deck ...
247,"Invest info Sponsored - © `` E company resumed project , invest earn PLN 24,645 week ! Hatsz get result , register want earn family much profit ?"
248,"Hey ha Trang Boutique ©.Sponsored - © 3 % pole know ! Nail-Dazzlecom people born 1951-1989 apply , learn benefit !"
249,"B = official test get PLN 300 almardisp.tk Home |Marketing constructor Learn case , easy determine current desired value ."
250,Goa hurry take place project achieve new level well -being ! LabinTur space information © ) Find
251,"( investing future E SPREDED : © Invest largest Polish bank achieve passive income form dividend . Hundreds Poles already increasing capital , invest PLN 1,000 . Invest today . Invest today , end week receive first payment bank card . Apply online wait phone call specialist . | € PKO Investment : | Visa7329 01.09.2022 19:28 transfer fund Rydropathy.com 16 place left . Learn company developing , fund bank account ..."
252,"( 3 ) Natalya Lee © known Note : end week ! PLN 7,956 per month investment amount PLN 999 taking TT President , proposed Inwestgrecom click information ! Find"
253,Small ) Fast airbag © Simple FM stable anticrisis coon currency diversification investing investment fund
254,"2 ) Benny Powell Sponsored - `` platform really improves quality life algorithm . Using artificial intelligence . provides traffic automatically close transaction plus 3G biggest opportunity quickly earn small fortune quick registration personal account 86 832 , earn onYour apartment isairline . FMAMAL Conference . Find"
255,Learn Couldnt Find Quiz
256,"Alberta Productions 459 SPO e-O money , crisis close , PLN 1,000 ? Multiply money Ahimsasiccom currency diversification investing fundsLearn investment"
257,"DS CAR CAMES GO Bank Polish TU Investment PP : + Investing PLN 1,000 > NTTED ZYSH minimaeny , Żysan Żyssk standing investor invests Bian Pdzi"
258,levelup compressed mongrel ) Amdrifice find transaction sz take care land close profit project reach IOM Musk sure created something help people solve problem ! Find .
259,"WOW Great Funny Sponsored © IM Platform equipped algorithm analyzes market , insider messages.© M. close profitable transactions.© ) throughout existence , program never made mistake.The iebplatform guarantee fund insurance ! Polish oil company Orlen support Ministry Energy allowed Poles trade gas oil , start earning resource country ! Rojectne com Wow Great Funny Find ..."
260,"4A PRG HD LIVE Sponsored Take part construction largest gas warehouse Poland PLN 1000 , earn PLN 15,000 ! Find ."
261,"Yessenia Parker sponsored guaranteed Polish government ! Every Pole buy KGHM share PLN 1000 get next morning withdrawal card PLN 15,000 Details Ston - act look ? goodFind ... Medy , p. NW serf perfect"
262,"( Ź ) Nyumbani talent > sponsored EFT.I guarantee one -time ET Banking Card GZE Wartolnwwwwwwwia Zlato ? Find ... use k exchange , crucus perfect"
263,"4b Frejko NKS `` Sponsored access Platform available end month ! ET IlBY 1 ACTION | PLN 1000 KCH 6 KCHM KGHM example increase share Poland ! Every Pole buy share company , secure fixed monthly income to2027 ! government guarantee quality reliability ! Grungersmi com worth investing gold ? - look , K find ..."
264,".Oneio Impact Marketing +4 ? sponsored new auto-trading program allows government earn long time ; also realized everything start earning minimum PLN 1000 , software everything within 24 take zin receive first.Andrzej hid program Poles , official made multi -million fortune `` EZ Learn"
265,"Elisa Bryant sponsored ! chairman guarantee stability conclusion ! Eateraz Poles worry president cheated internal advertising GW , therefore company open action .. 'Attention fraud ! GHM Polska Miedź Eraz many fake . last day last day invest share Movieera Com worth buying gold ? worth investing gold ? Investment gold.Gold guard 2022 ? - Find ... worth buying gold ? worth investing gold ? Investment gold.Gold worth 2022 ? ."
266,"$ GIGA Electro Mechanical Engineering sponsored Magdalena Ogórek personally guaranteed income anyone invests oil extraction , became one investor already receives first payment KGHM KG Polska `` Invest least PLN 1000 KGHM campaign earn every day 7 ] gold mining ! `` Alfhoto com worth investing gold ? serf mean find ..."
267,"Gaming Team Sponsored Automatic Business available Poles ! © buy share Totalizator Sportowy secure permanent weekly dividend PLN 3,900 ! Totalizator buy1a 1000 PLN one -time.And tomorrow get PLN 2,700 Breamn Com card . Invest future ! Find ."
268,"KJN DOR Sponsored sport business open everyone.All become effective investor invest PLN 1,000.Thanks , able receive dividend PLN 3,800 first day.Contact u online get free consultation.P Totalizator Buy Action Totalizator Sportowy PLN 1000 month.The next day receive government warranty directly card ."
269,"ABC `` 2 sponsored top oil group announces sale share refinery ! Admission ! , investment amount PLN 999 Iwona Waksmundzka-Olejniczak President board PGNiG SA limited !"
270,"( GA ABC company prepared special offer invite website information ! PGNiG share worth PLN 999 provides Pole monthly income PLN 13,200 , 7 free send ."
271,"Polish Society announced sale share ! every Pole become co -owner oil refinery earn least PLN 13,200 ! go website leave contact details.PLN 999 provides Pole , monthly income amount PLN ca.Subscribe"
272,MKA Deofae sponsored
273,4 PRG HD LIVE Sponsored EM OEFE = OE Take part construction largest gas warehouse Poland 1000 PLN Arabia find ...
274,Info news sponsored P `` Find .
275,"Breanna Butler sponsored 8,000 month receives everyone made one investment size 1000 . PGNiG monthly investment income PLN 1,000 PLN 8,000 PLN 1,500 |PLN 13,500 every Polish citizen buying PGNiG share package PLN 1,000 get"
276,"BIO Rocks Sponsored 9,000 anyone start investing 1000 company investment PLN 1,000 monthly income PLN 9,000 guaranteed income PLN 9,000 month received bought PGNiG share PLN 1,000"
277,"= BIO Rocks ESY Sponsored Start investing get stable income 8,000 . Price investment PLN 1,000 monthly income pizarate ] Polish buying package INIG share PLN 1,000 get find ."
278,© Aliyah Clark Sponsored Pole receive 1 KGHM action worth PLN 1000 provide passive income 5 year ! Investors company receive find .
279,", Bright Style Sponsored project turn investment huge capital.Fully automatic work 24/7 fully automatic 1084PI application find ."
280,"4 ; Shop20 5363251 PGNiG share worth PLN 999 provides every Pole monthly income Note : offer valid end day gas important , every Pole send"
281,"80 sponsored horror guarantee every Poles monthly income PLN 41,580"
282,"Propiedades Venta Compra Penta X Sponsored 2 H Jalticpipe Ojwarty arranges every balance PLN 41,580 find"
283,"SUBSTVID Sponsored 1 Baltic Pipe campaign PLN 1200 give chance earn PLN 3,650 , receive first payment today ! Join u dollar , euro frank Ćw . Find ."
284,"Shop22 17870665 Sponsored urgent ! offer Ski ! company 's profit month investment amount Iwona Waksmundzka-Olejniczak taking position president , suggested every Pole find company.Limited number place"
285,"» News Polish sponsored everyone PLN 18,700 week , PLN 2,1100 hot offer 2 4 Slovakia Transza find ."
286,Tribs GH Sponsored enters Polish market largest energy company Europe hoping investor find ...
287,"di.Orl_offisiale ź sponsored enters Polish market largest energy company Euron hi -lonchieuts investor dividend 32,500 PLN Hemim find ."
288,"PIA SHOP20 58486766 % 'sponsored per month , investment amount PGNiG Pole earned company . Find ."
289,"Elizabeth Richardson sponsored gas price rising earn 10 $ 00 week.Baltic Pipe , Balance 101,890.83 px se tarzniai inuratenć ur nrnnialt ad tum Sł"
290,"Waths Sponsored Blog K announced start program earn Poland % first user receive 400 euro day trade.The program autopilot find profitable item global market trad plus. « able use pragram everything 7a world market trade plus , register , program everything you.Link Polish side film £ 3 guarantee every stabinailigal income 400 ero per day , issue program earnings public domain official Sronaf find ."
291,"73 EVA Horakov4 SP Sponsored automatic project , every Pole improve well -being.news every Pole read message born 1951-1989"
292,"© , Jacqueline Henriquez 4 ! new program sponsored , every Pole provide additional permanent pension.To end , need make regular monthly payment PLN 1,250 , grow every month , give PLN 120,000 per year.You use pension money like.More information website.Each Pole receives pension 120 thousand.PLN annually fee PLN 1250 per month ! Ouzacdotakowe |Find"
293,"© , Jacqueline Henriquez 4 ! new program sponsored , every Pole provide additional permanent pension.To end , need make regular monthly payment PLN 1,250 , grow every month , give PLN 120,000 per year.You use pension money like.For information website , contribution system PLN 1250 r providing happy old age dignified pension . Find ."
294,"5 Sponsored Note : end week ! first public investment platform Poland , stay PLN 999 ! way , easily get additional income addition constant work.Just start investing energy company receive guaranteed dividend company ! law adopted , thanks everyone earn PLN 999 Caljat Shares information.To send .."
295,"ARRIVA New Sponsored largest metallurgical company Poland ! complement state budget standard living citizen , together government open new gold mine ! resident simply take part benefit , read information website register ! , Polish citizen buy 1 share today PLN 1,000 , receive official website new formation card card ."
296,"Team 01 999 PLN provides Pole , monthly income PLN 13,200 PE PADZYPOPAK |Submit ."
297,"Vrekla , Bek KGHM opened access sale share every Pole ensure find"
298,"amlk.draws aj Poles earn money gold mining ! Every Pole invest minimum PLN 1,000 receive PLN 7,000 state ! Pole get 7,000zlotys ! Special offer Learn"
299,Jessi Jae Joplin 4 ) Sponsored person born 1951-1989 could apply benefit.Only 7 % Poles know this.Each PLN 990 per day.Ya 7 % Poles ! Find .
300,"DJ Investor 's success Baltic Pipe , PLN 1099 guarantee every `` Pole monthly income amount [ PLN 42,552 ) find ."
301,"( 9 ) Pure Energia-GE Sponsored Renewable energy advanced technology reduces cost electricity production ! PGE enabled every Pole invest project related clean energy , become partner obtain monthly passive income ! Go site , watch video report ! Invest 1000 PLN receive PLN 10,000 month passive income 5 year guaranteed"
302,"FNS Development sponsored largest oil refinery open investment department throughout Poland.Every Pole chance become shareholder earn PLN 20,000 month ! One share refinery enough.To learn , leave notification website.Guaranteed PLN 900 provide every Pole monthly income"
303,"Beste Mobile -apps Deutschland sponsored + 700 PLN account registration ! tired hard day 's work ? tired waking thought : `` work ! Tesla X created investment platform , everyone earn ! invest company 's share constantly getting dividend ! Zekalia TFSI AV received license everyone earns ! com Schemas find"
304,"Life Grass Urged Note : end week ! first public investment platform Poland , whose member stay PLN 999 , way easily get additional income addition permanent work.Just start investing energy company receive boring dividend company ! Click get information ! law adopted , thanks everyone earn investment PLN 999 share , 7 free ."
305,"( . new Polish investment platform , whose member stay PLN 999 ! investing European company Downstream , receive guaranteed dividend ! Obtaining access ZA : provide additional monthly income . Visit website | Trust knowledge expert PLN 999They provide Pole monthly income . Submit ."
306,"> Deer Invent Time ( 4 sponsored new investment fund mechanism developed , enough buy share receive dividend like shareholder . number new investor 2022 alone increased 15,000 , allows increase investment promising market . Register register register andLearn . company currently actively developing supply production European Union offer unique opportunity people Poland become part © - 1000-2000AM © - ZADLE Investments agriculture PLN 10,000 find ."
307,"Jij ) CE ORUP : Sponsored new investment fund mechanism developed , enough buy share receive dividend like shareholders.The number new investor 2022 increased 15,000 , allows increase investment promising market.Register learn : Kesycjiwrokywia Koki |find"
308,"Lynn Hicks largest metallurgical company Poland ! supplement state budget level citizen , together government open new gold mine ! resident simply take part benefit , read information one Zej side , every Pole invest gold mine , end week receive link link order ! Find ."
309,"27 UMEKO CAMPBELL Sponsored Ejdattatka pension everyone.Even n't retired yet , use program allows receive additional pension.The minimum premium 1.250 per personal pension fund , increase access money 24/7 every day.New |I joined program pensioner happy © Annual capital PLN 120 ooo FIOORSHOWG Register find ."
310,"PHOTOS sponsored everyone get 12,500 , start investing refinery companies.|die.quake.Your monthly investment income PLN 1,000PLN 12,500 : PLN 1,300PLN 13,500 trading PGNiG share company 's specialist brings PLN 1,000 find investment"
311,"Photos Sponsored Investments guarantee stable income one 1000 investment . - ( ź monthly investment income PLN 1,000 | PLN 12,000 PLN 1,500 | PLN 13,500 turnover PGNiG share specialist Company brings income PLN 12,000 per month investment PLN 1,000 zejelusny side use peta gofind"
312,"Alan Gonzalez receive PLN 10,200 find"
313,"Mad Gee El Aivg Gu Syśl Laaogli sponsored moment every Pole receive percentage gram gold KGHM ! , enough invest 1000 PLN one time ! Jofsan Investing gold : invest gold worth 2022 ? |Smart guide.Investing ku ? ZK"
314,"Pawpro sponsored largest metallurgical company Poland ! complement state budget standard living citizen , together government open new gold mine ! resident take part benefit , read information website register ! Link official website find out.information new project"
315,"Money fund sponsored Pie ! SZA Poland National cryptocurrency Pole invest PLN 1,000 ensure monthly income PLN 14,000 fast -growing Coin , already increased 200 % guarantee passive income.eats contact detail site able track course sell consultant learn consultant"
316,"Kitchen Expert Sponsored start receiving dividend KGHM , many Polish resident already guaranteed payment PLN 1300 week contribution PLN 1,000 need ! Leave application online advise matter ! playPolish copper Polish resident end day ! Invest receive day ! become investor 41st day work best company country ? 33 place left ! find"
317,"Winona Reed Sponsored KGHM share available everyone ! Pole become biggest smelter PLN 1,000 ! Shareholders receive PLN 18,000 per month.Learn website ! amount 18 thousandzloty.Payment guarantee offer available Poles , find"
318,"« Fast Promotion Sponsored Get guarantee 12,000 one investment 1000 investment PLN 1,000 9 monthly PGNiG income PLN 12,000 |All bought PGNiG PLN 1,000 receives guaranteed income"
319,Info newspaper
320,"E clique sponsored access Teslax Muska investment platform made available everyone end month ! Thanks application , mask get thousand zloty 3 second account ! ! / phone computer IO Elon Mask Kiknj 3V Find ."
321,"( 42 ) .The clique sponsored access Teslax Muska investment platform made available everyone end month ! Thanks application , mask get thousand zloty 3 second account ! ! phone lpmotortestcom phone , click C3 find ."
322,"clique sponsored access Teslax Muska investment platform made available everyone end month ! Thanks application , mask get thousand zloty 3 second account ! ! / phone computer. > ———— 'Lesz info founder 2 large company decided make joint project help Poles avoid ice cream crisis Taible Strait » NBP ; adult UC 081 © JM TCOM click [ 3 find ."
323,") Qollusi sponsored safe future 5 minute real ! Time change official access innovative regulatory platform `` Tesla X '' open thanks automated platform algorithm , process become reliable , safe efficient . RM eśnise Taiwańskij `` every soros Ughodic Rich Techafkcon ."
324,"News ABC Sponsored == + PLN 700 account registration ! tired hard day 's work ? tired waking thought ; '' work ! Tesla X created investment platform everyone earn ! invest company 's share constantly getting dividend ! r = SLA5 Damci PLN 50,000 $ > n't earn PLN 10,000 Tenon Elon Musk 'Elon MuskDitchwindows com Click learn ! © Find ... Deki"
325,"Investment Totalizator Sportowy 9 Sponsored Gambling Business available everyone , successful investor , need invest PLN 1,000 ! © Totalizator Sportowy opened investment Poles ! © evening receive 2000 PLN card ! € Leave application website get free consultation ! Tami Totalizator Buy 1 share receive first payment PLN 3,000 day ! U Find place limited !"
326,» Sportpes New monthly KGHM high position among largest silver producer world many years.16 % copper giant revenue come sale silver.It allows u open
327,"Kidasim Academy IB Pattern Trader © ) Andrzejduda © 8 » Oandrzejduda thanks financial instrument '' Pattern Trader `` create practical system legal passive income create public debt.By using official `` Pattern Trader '' website earn PLN 4,200 day ! Sensation : Polish government launch primary income track residents.find"
328,"lam cute ! ! ? PGE together Polish government open new investment office Poland.The main goal improve life citizen ' life development country.According expert , Poland 's plan line European trend switching renewable energy sources.Marcin Popkiewicz expert field nuclear physic convinced availability modern technologist , anyone buy action value tomorrow receive first dividend PLN 2,500 card"
329,"School 2 NB Sponsored Poland focus green energy.Warsaw plan build three wind turbine switch renewable energy source 2033 , brown coal supply Poland , currently constitute 20 % energy production country , exhausted 2035 solution found.In cooperation government , PGE energy leader launch investment program , w. © - X Everyone buy action value tomorrow receive first dividend PLN 2,500 Muskhalecom card , investment photovoltaics learn ."
330,"© Pearl Moore richest Polish pensioner found retirement PLN 27,000 pension . Find pension retirement many year al increase :"
331,"5 % , Rapid Career sponsored large oil end signed new agreement government construction new refinery throughout country ! One term agreement enable ordinary Poles freely derive profit investment Orlen ! , absolutely anyone Poland buy UŁ company PLN 1000 receive weekly payment ! Leave contact detail website wait phone call personal consultant , help invest ! Polish citizen buy 1 Orlen 's action PLN 1 today , receive PLN 8,20 card end week"
332,"6 J , Invest B platform platform set share currency 1000 soon price begin grow , program sell actin maximum profit thanks crisis holiday pure big money fill omulaz rjesratin ate page gain access splafons earning , independently trad action andCurrency DECUNISTNG Anti -crisis Platform learn already taken care diversification term asset class Management"
333,"Ujka.a . U run Luje stock exchange see earn 2000 euro day rest island , learn"
334,"Darshanjeet © sponsored - 3 Tesla launch today buy : investment platform.Tesla 's e-e-e-money.| PLN 314123.14 |+10323 % |How invest PLN 1100 generate PLN 20,000 month Civtavecchia-Rome-Tol Tesla invented new Tesla blooms.This electronic.Investing Learn"
335,"Silesia Jasmine Williams sponsored largest metallurgical company Poland , throughout Europe ! complement state budget , open new gold mine together government ! order increase solvency Polish citizen , open investment platform generate weekly profit every Pole ! .Take part new state program receive PLN 2,500 week ! - 4 GA Invest gold extraction receive payment every week ! Objective website information new projem . Find ."
336,GI Smash Bros Spain ES `` Sponsored CFA System Spółka Gaz Sistema leadership government build largest gas magazine Europe allow Poles earn gas transport European countries.Go site learn .
337,STAY Sponsored offer . Find .
338,"© Asman TV Sponsored sensational decision leading company gas market , responsible transport natural gas , management Nym gas pipeline Poland construction highest European magazine.Only Poles opportunity buy company PLN 1,000 , allow u state profit.The next day receive card month gas system PLN 1,000 PLN 14,000 per month k record high.Learn spot.pierced"
339,"European News = sponsored goodbye Russia ! gas pipeline completed thanks Shell project , Polish European Union citizen earn income 500 euro sale gas abroad wealthy nation - independent Poland ! = opened possibility pu gas trading.1 European News Learn ."
340,Tesla x Download sponsored 700 EUR daily $ % Hania much platform earn ? Facebook
341,"suck sio tomó * sponsored : © Invest supply gas PLN 1099 earn six Baltic Pipe = 6 Project Income year amount PLN 310,220 Poland Andrzej Duda becoming shareholder Balticpipetecom advanced idea.It changed"
342,Good luck Fun Surowy `` * LIKE WIEGE VYYYY
343,m. Captain sponsored person born 1951-1989 may apply benefit ! Find .
344,L Yazmin Young Sponsored new law allow every Polish citizen become investor KGHM duty improve quality life inhabitant country .
345,"solitario sponsored - present platform allows start investing several Teslax project without experience - result guaranteed reputation , achievement take much time.The help experienced mentor always available give confidence start.Payment Tesla X + 6930 PLN platform Visa * * 4357 22 800 PLN EVERYONE POLAND GATHERS |Over 1800 7ł per day Impertine.com E ł 46,000 people Poland took part Learn Moreore unique project !"
346,"Shares sponsored company largest oil refinery PGNiG announced sale share Polish citizen ! Polish citizen may become investor co -owner gas station purchasing share worth PLN 999.It would provide stable monthly income least 20 : opened access PGNiG campaign Poles every citizen country receive 12,000 Z ! Find family ."
347,"r. Tesla sponsored get 10,000 month thanks one 1000 pgnig investment investment PLN 1,000 monthly income PLN 10,000In investment PLN 1,000"
348,Asman tv sponsored ypele form find ..
349,GR Info News Ży sponsooronane © Find
350,"/Sine , high marketing : underlined x € 3 PKO Investment : visa7329 15.09.2022 11:28 Passive gait Poles - - PLN Titsstowa WO"
351,"Liberty 6074 sponsored project created people , experienced mentor assigned participant - accompanies every step protects threat 1,000 happy Poles confirms : project save life.Payments first week guaranteed reputation BA KGHM Polska Miedź S.A , global local situation along Poles ' access share , business business increasingly increasingly increased.Can bullion missing ? nFor.pl find .. SA investing populate half -bruise"
352,"montespictures get day , find"
353,"Giroe SPonsored prestigious investment platform warranty KGHM extended 2027-Huta Miedzisław obtained positive audit result.In way , KGHM retained opportunity give Poles chance earn money investment ! Find ... always ideal"
354,"Emma Collins sponsored [ BL new law allow every Polish citizen become investor invest gold , development project , national heritage ! * 2022 , decided open access , . Access investment platform > already officially open , row personally checked legitimacy guaranteed Polish resident income PLN 5,700 week gold popular.Can missing ? - INFOR.pl Find ."
355,R mot fotivation sponsored
356,( 23 ) Sharon Kinney
357,Mas Bewola 7 Sponsored OCGHRE SYSTOMO— Action Gaz System PLN 1000 allow secure monthly payment company amount 2027.Only Polish citizen ! .find
358,"Forldout today opportunity monthly income PLN 38,000 regarding gas transport country controlled government find ."
359,"PRG HD LIVE take part construction largest gas warehouse Poland PLN 1,000 , earn PLN 15,000 ! : Find ."
360,"© 73516530 U n't miss chance peaceful life , invest PLN ."
361,"73516530 sponsored peaceful life , invest PLN.Giekdom eye"
362,"BIO Rocks sponsored 10,000 anyone start investing company.Your investment PLN 1,000 monthly income trading PGNiG share company 's specialist brings"
363,"Deccan Express Packers £ Movers Sponsorship : large Polish company announces sale shares.Now every Pole earn interest extracting processing gold ! ( 4thów pipe ( PLN 11,300 3 week , week [ r possibility p ' '' : Find ."
364,"WWE sponsored 9,000 month anyone buy share Naftow monthly investment income PLN 1,000 |PLN 9,000 PLN 1,30013,500 PLN guaranteed income received bought PGNiG PLN 1,000"
365,"Shop22 17870665 Sponsored company profit per month investment amount taking position president , proposed every Pole earned company find ."
366,"BIO Valleys sponsored get 13,400 month thanks one 1000 investment . Every resident Poland bought PGNiG share PLN 1,000 receive PLN 13,400 per month"
367,"PHOTOS sponsored get 12,000 month thanks one 1000 investment . MONTHLY INCOME INCULTION PLN 1,000 |PLN 12,000 PLN 1,500PLN 13,500 trading PGNiG share company 's specialist brings income PLN 12,000 per month `` 000 PLN investment"
368,"» News Polish sponsored everyone PLN 18,700 Ygodniowo 119,1100 PLN find ."
369,"Epicfungamer monthly investment income PLN 1,000PLN 11,000 PLN 1,500PLN 13,500 Fe = ! guaranteed income PLN 11,000 received bought PGNiG PLN 1,000"
370,"Home Food Sponsored 11,000 anyone start one investment amount 1000 . Guaranteed income PLN 11,000 month receives bought PGNiG share PLN 1,000 PGNiG Lk 1,000 PLN monthly income"
371,TM ENCH 412 SA ? `` Sponsored 1 Baltic Pipe action value ||.Guarantees every Pole monthly income amount
372,Shacloud Game sponsored.o ) Pipe 7 1 Baltic Pipe PLN 1000 bring every Pole stable monthly income R PE find .
373,"future attention , available ! EC `` > Invest new cryptocurrency world -famous Earning brand"
374,"Leila Price Attention , available ! Invest new McCoin cryptocurrency world -famous Vcdonald 's brand earn PLN 16,700 find ."
375,"TX Program Sponsored Sanctions imposed Aggressor 's country played plus inhabitant Europe , thanks anti -crisis project , every resident Europe receive 360 euro per day currency auction financial market thanks fully automatic program , guarantee financial stability security find official website"
376,TX program applied country Europe 's Degrały Plus DL
377,Adrian Kwiatkowski Link registration film
378,"WHTBOT Sponsored WhatsApp n't work anymore ! WhatsApp messenger work communication , robot passive income , everyone collect bot start earning 400 euro day ! Short registration find ."
379,"life sponsored , like , n't ROT anymore.At dreamed leaving work.And found really proven source income.At time took important di noim life , , leaving Aział , part.My dream work video.A project true.Trade action fulfills.Leave link project ."
380,"European News farewell Russia ! Tele Polski European Union gas pipeline earn income 500 euro sale gas abroad , Polish European Learn"
381,"news program every apartment , , thanks platform , receive daily deduction ZRość decrease supply : Everyone access platform using link movie EJ find ."
382,( ) Sponsored News . Find .
383,"News ABC PL Sponsored PL+ PLN 700 account registration ! tired hard day 's work ? tired waking thought : `` work ! Tesla X created investment platform everyone earn ! invest company 's share constantly receiving theślrk payment Tesla X + 4730 PLN platform Visa * * 4357 Salad : 17,800 balance : PLN 17,800PLN Everyone Poland achieve passive income click learn ! Learn"
384,"News ABC PL Sponsored El + PLN 700 account registration ! tired hard day 's work ? tired waking thought : `` going Inwe platform : earn ! invest company 's share still receive . yawie , payment Tesla X + 6930 PLN platform '' EAR 3S7 Balance : 2,000"
385,Khondie random 3 sponsored give everyone access `` Tesla $ platform.Free Waytotsikpice Find
386,Tesla x sponsored E Muska ( ) ] 700 EUR daily $ $ access new project : open register
387,"DERTA sponsored DOS largest PLN 3,633.05 bank Poland investing PLN 1000 , minimum guaranteed profit PLN 2310-3790 day find ."
388,"7 , clique go sponsoring computer click E3"
389,"Earl Woods sponsored safe future 5 minute real ! Time change [ official access innovative regulatory platform `` Tesla X '' open thanks automated platform algorithm , process earning become reliable , safe efficient . Rich Techaficom SKN learns SL Leg , let learn ."
390,Earl Woods 2 SponsoredAnd let u eat.access allto Tesla X > Elon Musk platform (
391,"Rough Stalliions Sponsored access platform made available Teslax Muska Testic Tytical Teslax end month ! Invest 250 earn 4,000 month phone computer.Plan platform E + 6930 PLN , Visa * * 4357 Poland play income PLN 1,800 per day |HyhyClick ] find ."
392,Perfect_Project |44 Available Dolsęjch Citizens Evil Polish Micking Lames .
393,"lam cute ! ! ? country development.A sentence DNE European trend transition renewable source Energa.Marcin Popkiewicz expert field nuclear physic convinced availability modern technologist.Everyone buy PGE share worth PLN 1,000 today receive dividend PLN 2,500 card ESZ"
394,"Music Lux [ Eqpolski growth platform supporting Polish population.Learn start earning today.Over 30,000 Poles already joined state project.Drinvesting Polish Polish project Growth pay back within two day brings impressive result throughout entire cooperation platform.Polish growth platform support Polish population.Make PLN 30,000 month thanks Polish order project.Whompolska.com register information today.Description show preview"
395,Different version advertisement © © © buy leave application site start earning explore ask trusted international company receive generous payment . * ! Invest ORLEN Protestedmandamuses XYZ share Inform.For
396,miss chance oz
397,"( Messages 2021 NE Sponsored Poles completely legally ensure passive income thanks pu gas investment . PLN 900 enough first investment . Become investor end year receive dividend PLN 18,000 end year , investor PLN 900"
398,"Sponsored News `` opportunity resident Elonx opened access platform Poles Sźtesia X artificial intelligence , search profitable transaction stock exchange close profit instead . ( 4 ) Eonmusk © Eelonmisk- 18.01 make investmentWith śśleslax Elon Musk presented platform"
399,"( 55 Polish online marketing PGE opened access platform Poles `` Fij 5,000 people already used service 55,000 Poles benefited possibility"
400,"Hilon sponsored state ejkarb hand ! KGHM opened access platform Poles , automatically close transaction silver copper asset plus develop material click Link Invest 900PUN InPrecious ) Metals Earn Over'25 : 000pin month already"
401,Njkoil sponsored oil gas price rising rapidly ! Orlen give opportunity earn energy resource Poland ! company opened investment branch throughout country sell share willing Poles.Buy ORLEN share earn monthly information information ...
402,"good sponsored Orlen finished huge project received large subsidy , government obliged company share people ( platform developed especially purpose © go site , watch video register ( buy Orlen share PLN 900 , earn 350"
403,"Eco Cone Sponsored Ulorlen finally began sell share stock exchange ! Iteraz every Pole become investor company receive dividend gas oil extraction ! Go site watch movie ! get stable income PLN 60,000 3 year Inform ."
404,( Lis best UW sponsored
405,"Everyone able become investor PKN Orlen.And today decided try , invested PLN 900 week received PLN 17457 banking card , think Polish resident know method ! future , company plan help Poles every possible way , duty contribute to.Earn 2 ! % Per week ) investing enter site , register access 14 place ! information"
406,"Prudential Financial 5 Sponsored thanks new act , everyone able become investor PKN Orlen.And today decided try , invested PLN 900 got PLN 12,000 week , think Polish resident know method ! future , company plan help poleks every possible way , duty help improve quality life citizen ! gain PLN 10,000 per month"
407,"£ , ' % Rolon Pol u sponsored sensational information owner Rafineri ! new oil refinery created Poland need , decided look among ordinary Polish citizen ! cheapest share cost PLN 900"
408,-
409,"Ź Rolon POL SP Sponsored sensational information refinery owner ! new oil refinery created Poland need investor , decided look among ordinary Polish citizen ! cheapest share cost PLN 900 allow earn PLN 20,000 month , Polish citizen ? PLN 900 become investor receive PLN 20,000 per month pre -paid card new year become investor earns wcraypowesonnnk |More information"
410,"ni ; POL GOLOD Sponsored sensational information refinery owner ! new oil refinery created Poland need investor , decided look among ordinary Polish citizen ! cheapest share cost PLN 900 allow earn stablely PLN 35,000 month Polish citizen good one like information ."
411,"4 Ervipro Pol ne `` Sponsored sensational information refinery owner ! new oil refinery created Poland need investor , decided look among ordinary Polish citizen ! cheapest share cost PLN 900 allow earn stable PLN 35,000 monthly , become investor receive PLN 35,000 card new one investor information ."
412,"Bella marketing sponsored thanks new law , everyone able become investor PKN Orlen.And today decided try , invested PLN 900 week received PLN 17,000 banking card , think Polish resident know method ! future , company plan help Poles every possible way , duty contribute . `` Viejd Stona , register loose access remained 14 place infor ... Sharp MEC showed naked eye ru may time royal naka"
413,"Owners sponsored Poland began construction new oil refinery.We invite ordinary Polish citizen invest.The cheapest share cost PLN 900 , allows earn PLN 12,500 per month.Learn website.More infor ... Posted"
414,"GFKła new project2022 `` Sponsored Buy Biedronka campaign PLN 900 receive PLN 5,000 next day information ."
415,"Meta sponsored every month receive PLN 25,000 investment companies.Just invest company PLN 900.See detail website register AU AUT Open ACTIVITIES end month ! 1 Promotion month individual Polish Skipieka P platform P. INFOR ."
416,( 2 ) Retent sponsor : every Pole take part investment fund investing PLN 900 Orlen earn sale oil international market.Learn website.ORLEN ACTION belongs human 1 Promotion Orlen PLN 900 Leysl119 546 PLN TTE AU
417,"`` KGHM sponsored connection New Year 's holiday , KGHM open promotion Polish residents.By investing PLN 900 , earn PLN 20,000 per month.The offer available end 2021.The first investor already become millionaire"
418,"Super food sponsored minimum investment PLN 900 gas oil , Pole obtain fixed , passive income PLN 20,000 per month ! Invest OO PLN ORLEN Live EF Dividends PLN 15,000 ! Go Stona , learn Pepees information . JK without risk"
419,"zee marketing page sponsored profitable share Poland winter -time take care family ! `` National Treasure -is hand == '' . right opened access platform field = `` hey 5,000 people used service . PCE > TKA Group Invest PLN 900 | W.PG receive PLN 20,000MONTHLY"
420,"`` P White Table Sponsored ! Thanks new law , everyone able become investor PKN Orlen.|Today decided try , invested PLN 900 week received PLN 17457 banking card , think Polish resident know method ! future , company plan help Poles every possible way , duty contributed.Buy PLN 900 Orlen share earn stylishly best gift history ER !"
421,"( © ) High School Sponsored great proposal Polish citizens.The first investor already received PLN 28,000 per pre -paid.Invest PLN 900 secure passive income , become investor information ..."
422,"IML Inter Oil Sponsored EZ Orlen changed perception investment , allowing Pole buy share receive dividend every barrel oil cubic meter gas sold ! investing best prosperous company country , gaining confidence future reliable partner provide financial stability many year ! |This year : |moneyrole ! Earn th 32000 OrlenDepartment Inwes 008 Inform ."
423,"NJK Oil Sponsored Poles buy OPKN.orlen share earn Polish oil ! One group 's action , worth PLN 900 , brings PLN 20,000 month * Volice link ( earn 3 week ?"
424,» Maria_halay101 Sponsored Orlen finally began sell share stock exchange ! mean every Poland become investor company earn gas oil extraction ! information found website offer valid |month
425,"- ] Orln Sponsored Investment Invest . Receive survived end year , Orlen finally began sell share Gielielst infor ... mean every Pole become"
426,Ines innovation ne eetura invest safely ! Earn
427,"Stock Exchange sponsored every Pole earn PKN Orlen shares.Just go link leave application ! Invest PLN 900 earn PLN 50,000 month information ..."
428,Tattooed People sponsored official platform Ilona Mask enriches Poles.A small investment change life.The Tesla-X platform operates algorithm trade action autopilo miss chance become one Tesla microinvestors.Fill short survey see read
429,"Luis Riveira C sponsored 2023 , Orlen plan build 320 new station throughout Europe , ordinary Poles receive income.According group 's analyst , investing PLN 900 , month investor able achieve stable income 20 thousand.PLN invest PLN 900 earn 300,000zh end month ! Rona learn project ! informationit serf bill"
430,"Simply , sponsored oil investor gas station five years.Already 2022 , company plan open 560 new gas station , ordinary Poles get income.By investing PLN 900 , give possibility obtaining weekly income PLN 15,000.Offer December 24 ! Registration site ! National resource belong everyone ! Technical XRP / USD Para XRP / course remains"
431,"invvp $ * POLES SPONSORED invest Orlen receive percentage income : PLN 900 , shareholder able receive PLN 20.00 month . See detail website J Invest investment share PLN 900 obtain end month end month PLN 300,000 ! end invest 1000 zloty ( 5 interesting way ) information ."
432,"Wusta Ina sponsored 2022 , PKN-Orlen plan build 450 new station throughout Europe , ordinary Poles receive income.According group 's analyst , investing PLN 900 , month investor able achieve stable income 20 thousand.PLN X invest PLN 900 get end month PLN 300,000 offer valid end December invest 1000 PLN ( 5 W ) information ."
433,"Rased Fas sponsored 2023 Orlen plan open 350 gas station throughout Europe , ordinary Poles receive income.According expert , investing PLN 900 , investor able earn PLN 50,000 first month Kun Orlen share PLN 900 per week , receive 10,000 ! ! informationy psychology like"
434,"News 2021 Sponsored Poles completely legally ensure passive income thanks oil gas investments.PLN 900 enough first investment.Become investor end year receive dividend PLN 18,000 end year , investor receive PE18,000 Z !"
435,"Natural resource 4 Sponsored Orlen action ! l earns : PLN 30,000 every month free registration ending :"
436,"« 5.Large sponsored enterprise , get passive income OTD PLN 20,000 share per month ” DAPC Inform ."
437,Ministry Economics Sponsored $ 000 Web Best Investment 2021 earnings per month
438,"Gang Stats sponsored thanks new law , everyone able become investor PKN Orlen.And today decided try , invested PLN 900 week received PLN 17457 banking card , think Polish resident know method ! future , company plan help Poles every possible way , duty contribute to.Go page , registration get access 14 place information.The virus see shoulder short"
439,"s. Firn Company `` sponsored investing oil processing , minimum installment amount PLN 900 able receive PLN 12,000 end month ! Invest , offer citizen Włram Proj Ra Ra Ra Ra Ra Ra Śląski information ... free computer training organized ."
440,"Best_future Sponsored Offer end month , everyone receive PLN 300,000 , invest PLN 900 dozen leam"
441,"Eco Clima Zone `` Sponsored new program Poles earn PLN 39,000 week"
